title,percentage of dislike
" PTT可以空白噓          掛?
",98.0
" 文組給我進來，學文學史到底有啥屁用？
",70.0
" 文組給我進來，學文學史到底有啥屁用？
",68.0
" 全民瘋搶第3劑 「疫苗一定夠」 陳時中：
",68.0
" 昔和太太擠雅房度日！ 鄭弘儀授「買房口
",67.0
" 蔡桃貴睡前偷渡1玩具！二伯「頭髮毀了」
",96.0
" 雞排妹深夜放送福利！「粉紅蕾絲丁字褲
",87.0
" 傅娟母親離世　歐陽娜娜「沒見最後一面
",82.0
" 一劑都沒打 200萬人難擋Omicron
",75.0
" 衛福部「2年前貼文」示警注意疫情！網友瘋朝聖：感謝守護台
",75.0
" 蔡英文力挺「明天送林靜儀回立法院 」　
",82.0
" 蔡英文現身挺林昶佐！喊話終結惡意的罷免
",83.0
" 挺林靜儀！陳柏惟「哭了」：明天我們會光
",76.0
" 幫林昶佐站台！王美花：「疫情爆發時他幫
",68.0
" 不該稱確診者為「破口」！蔡英文為第一線
",79.0
" 遭抹黑沒在做事 林昶佐：大小事都服務、
",80.0
" 雨夜裡陪林昶佐車隊掃街 林佳龍：我見證
",82.0
" 呱吉力挺林昶佐　喊話：出來投反對票「
",73.0
" 珍奶去冰「剩半杯」！顧客氣炸投訴　店家
",74.0
" 民進黨提案「增設青年副院長」低於30歲　
",67.0
" 昨稱沒必要今機場全面採檢 陳時中：因應
",68.0
" PTT現空白回文　林昶佐：降低對言論自由
",74.0
" 綠委提修憲：政院增設「青年副院長」 不
",77.0
" 罷昶凸槌PTT發空白文攻擊　林昶佐：消耗
",72.0
" 最恐怖心機婊? 李靖蕾佈局8年要害王力宏?
",74.0
" 遇到男同志邏輯就崩壞？反甲不要以偏概
",69.0
" 疫情蔓延只顧選舉？蘇貞昌霸氣宣示「都在
",73.0
" 深夜限定!雞排妹久違脫了 辣穿「情趣丁字
",82.0
" 林靜儀大肚造勢晚會 林飛帆：這次要用盡
",74.0
" 為林靜儀助選 林右昌：每次選舉都有人住
",77.0
" 林靜儀幫忙阻擋Delta病毒 潘孟安帶屏東隊
",85.0
" 基隆市長林右昌：中二選區聽聞有人在收
",80.0
" 遭批不為萬華說話 林昶佐：我是發聲最大
",73.0
" 丁字褲太小！雞排妹解放三角洲　一轉身「神秘肉色」炸出
",90.0
" 警察臨檢問「車上有違禁品？」新手駕駛
",73.0
" 柯文哲嫌防疫旅館體檢3月完成太慢　陳時
",76.0
"桃機群聚擴大？蔡英文提醒這「三招」全
",81.0
"雨中陪林靜儀掃街　林飛帆：終結濫用罷免
",83.0
"總統顧選情不顧疫情？林昶佐：有人操作罷
",78.0
"蔡英文：第一線邊境人員承擔染疫風險「
",79.0
"「正義對抗惡霸!」林智堅:讓林昶佐成小英最強後盾
",74.0
"印度神童最新預言曝光 台灣等4國全中 疫情高峰這時結束
",78.0
"B8「正英站」預定地旁　顏家擁2筆土地達
",69.0
"台中市市政建設都被延宕，人口首次下降
",67.0
"「從沒反對3＋11」 林昶佐：罷免理由非常
",81.0
"反惡罷！林智堅、林飛帆合體林昶佐　催
",95.0
"蔡英文：清潔人員與防疫計程車司機 不該被
",71.0
"蔡英文：林昶佐服務很多 連總統都是他服
",72.0
"輝瑞口服藥洽購「差一步」　陳時中：數
",75.0
"蔡英文細數林昶佐3大表現　在地服務、國
",84.0
"交通部擬嚴修法 酒駕重考者須以酒精鎖車
",77.0
"反罷昶最新CF公布! 蘇貞昌本色演出
",67.0
"蘇貞昌赴指揮中心視察 呼籲國人「不要當
",80.0
"高端：疫苗對Omicron有保護力
",70.0
"找到人了！蘇貞昌喊冤「誤會」 婉拒見太
",79.0
"林昶佐合體林靜儀拍片 最新CF曝光：團結作伙疼惜台灣
",76.0
"李靚蕾有拿出證據過嗎?想惡意汙衊王力宏?
",74.0
"影／賴清德拍片力挺林靜儀、林昶佐　「
",73.0
"為何交友軟體幾乎都要課金?
",73.0
"終結罷林！Doris抱病陪掃街　林昶佐心疼
",81.0
"館長「3個月沒收入」虧損金額曝 急喊與病毒共存：再封城會發
",68.0
"派愛族(pairs)使用一個月後的感想，燒錢
",72.0
"蔡英文、賴清德連3天衝刺活動曝　親自下
",81.0
"林靜儀競選影片催淚 蔡英文籲為家投票 
",84.0
"為啥政府不要立一個反支語法
",68.0
"西安封城悲劇 網傳多人因失救死亡
",71.0
"去年GDP破6％？ 蔡英文向業界喊話：記得
",78.0
"外界若講對萬華不公的話 林昶佐：第一個
",87.0
"林昶佐反駁未幫萬華去除污名　「疫情剛爆
",77.0
"「珍惜這份工作！」林昶佐：為鄉親發聲是
",75.0
"外省殺人集團臉不紅氣不喘耶
",75.0
"王力宏離婚協議被騙了？她揭驚人內幕：李
",87.0
"年終領40個月騙僅10個月　7年妻罵自私
",78.0
"力挺林昶佐！柯建銘：沒站出來我會睡不著
",78.0
"蘇貞昌：請王國材蒐整意見再安排與太魯
",85.0
"有片／哭了！林靜儀關鍵影片曝光　讓蔡英
",87.0
"民進黨7執政縣市首長拍片催票 挺林靜儀林
",73.0
"王力宏員工不忍反擊李靚蕾 鄉民女神說話了
",85.0
"當同志又領養小孩是什麼邏輯？
",68.0
"11名藝人恐遭張庭波及 鄉民女神列名單羅志祥　 
",72.0
"早安 Ptt又害死人了 鄉民滿意了嗎 水桶
",68.0
"蔡英文論文門爭議延燒　「校友議員」揭
",68.0
"柯媽當顏寬恒面怒譙「豪洨白賊話」！四叉
",76.0
"桃機增4例本土　蘇貞昌暖喊「沒人願意染
",69.0
"2022新制上路　蔡英文1張圖報你知四大類
",76.0
"斷炒房金流 最強撒手鐧來了
",70.0
"罷免案後入民進黨？ 林昶佐公佈答案
",89.0
"陳佩琪超在意柯文哲吹冷風　焦糖轟：要
",78.0
"強震先發臉書PTT？醫護提醒這事：晃完再
",84.0
"影／不力挺晚上會睡不著　柯建銘：林昶佐
",67.0
"獨／好消息！酒駕毀家一家四口　父女3人
",69.0
"用千萬別抬頭鬧板的人夠了嗎？
",80.0
"東森yoyo出席台中政治表演！焦糖哥哥批
",78.0
"臨時會修憲、地制法入列 柯建銘：盼朝野
",86.0
"只有我覺得討論千萬別抬頭很無聊嗎
",77.0
"台灣為什麼會爛到大部分人都不想生
",86.0
"movie板在吵什麼啊
",74.0
"公務員上班偷玩PTT怎麼處理?
",79.0
"財政部 暫時不修囤房稅
",71.0
"水逆要來了！唐綺陽示警有5大變化：不堪將曝光
",83.0
"倒數一週！蔡英文站台籲終結政治惡鬥 1/9
",78.0
"蔡總統：要改變在地文化終結惡鬥 就支持林靜儀
",79.0
"蔡英文站台力挺林靜儀「立委要讓國家經濟更好
",71.0
"柯P總統府前變「1人閱兵」 正妹發言人怒爆真相
",84.0
"柯文哲總統府前獨自一人罰站40分？王浩宇
",68.0
"瑞莎VS李靚蕾 誰是2021年最惡毒的心機婊?
",91.0
"「國師」唐綺陽再發威　神準預測《美國女孩》導演星象
",83.0
"交長王國材：台鐵最讓人操心
",74.0
"蔡英文拋「四管齊下」顧民生 聚焦解決房
",83.0
"挺瑞莎的宅男 其實只是想娶烏克蘭新娘吧?
",88.0
"全力蓋社宅 蔡英文還要加速推廣包租代管
",84.0
"柯文哲出席府前元旦升旗吹40分鐘冷風
",87.0
"台灣人寧可信烏克蘭新娘?也不信台灣協會?
",86.0
"柯文哲參加升旗變「柯總統閱兵」？　總統
",84.0
"蔡英文：台灣去年物價、房價漲幅 比其他
",86.0
"蔡英文元旦談話全文看這裡！　2022年穩
",75.0
"PTT評選跨年最強藝人！　羅志祥收服鄉民
",72.0
"滅火器!!!!!!來了
",80.0
"有種噓我?
",76.0
"新年快樂 每噓10000p
",86.0
"大新竹若升格民眾黨「一定會派人」 綠營1
",81.0
"只有我對瑞莎持保留態度嗎？
",74.0
"搶救林靜儀、林昶佐 蔡英文： 最後選舉差
",80.0
"只有我對瑞莎持保留態度嗎？
",78.0
"徐國勇：即起擴大取締酒駕!!!!
",70.0
"《守住桃園‧守護臺灣》記錄抗疫歷程 桃
",85.0
"陳柏惟自曝任內「3大空轉」　向選民道歉
",68.0
"瑞莎19歲就結過婚? 台灣老公撿了二手鮑? 
",90.0
"就任3年 蘇揆：首長變主動、知認錯
",78.0
"好市多員工籲「別用手推車」！真相曝光會
",80.0
"轉手價差500萬！驗完屋秒出售 雞排妹大安區豪宅上網銷售中
",68.0
"國營事業補助高雄經費多 侯友宜酸回：人
",88.0
"酒駕重懲與民意有落差？綠委：怎修法都
",76.0
"獨／起底弒父碩士女！靜宜學霸赴美苦讀7
",76.0
"長榮海運豪發40個月年終　她狂讚：不辱
",83.0
"肯定部會首長積極 蘇貞昌：認錯是勇氣 不
",93.0
"「不要把罪過都推給執政黨」 劉世芳獻策
",80.0
"快訊／酒駕是全民公敵　徐國勇下令：即刻
",73.0
"神複製！二伯曬童年照「以為看到蔡桃貴」
",92.0
"印度神童恐怖預言又中！這兩國嚇到 下波災難時間點曝光
",73.0
"像瑞莎為了30萬賠掉名聲 值得嗎?
",93.0
"港警拘捕《立場新聞》高層　蔡英文：台灣會堅定撐香港
",88.0
"「沒台灣，世界會停止運轉！」她列超狂5
",75.0
"為何高雄輕軌不蓋高架 蓋平面與人車搶道？
",70.0
"陳其邁下猛藥 高市修法增檢舉酒駕獎金
",80.0
"蔡英文突換大頭貼！　「1個月換2次」網
",72.0
"蔡英文下令「守護靜昶」全黨動起來催票
",84.0
"林昶佐自豪獲國民黨籍里長支持「站出來
",74.0
"快訊／蔡英文：惡意罷免、地方派系過度
",80.0
"蔡英文同台林靜儀、林昶佐　訴求藍綠終
",84.0
"伍佰憑什們叫老師？
",71.0
"「酒駕者無罪惡感」 徐國勇：不加重刑責
",85.0
"酒駕頻傳 徐國勇：人民自律才能根本解決
",83.0
"訓練後帶去商演 瑞莎是招童工還是招學生?
",85.0
"交部修法嚴懲酒駕！初犯肇事致死沒收車
",78.0
"瑞莎 那麼厲害 怎麼不回烏克蘭? 她老公?
",92.0
"瑞莎好好分配商演30萬是不是就沒事了?
",82.0
"二伯PO童年照「還以為看到蔡桃貴」！五官
",89.0
"館長「民進黨挺不下去」 嘆：經濟成長人
",78.0
"改林秉樞家暴維基 公總雇員申誡1支
",74.0
"瑞莎可以免費教學生 為何不能免費商演?
",91.0
"瑞莎拿25萬..快比22K一年的薪水多了…
",88.0
"瑞莎 商演30萬 給小朋友5萬 算多還少？
",88.0
"要瑞莎把帳目弄清楚 很難嗎？
",68.0
"我不是家族政治！林昶佐諷顏：不用上班
",79.0
"瑞莎是台灣慣老闆嗎？學壞了？
",79.0
"瑞莎遭控斂財痛哭反擊 陳沂逆風開嗆
",68.0
"瑞莎分選手5萬「給太多」！潔哥力挺：你
",93.0
"Wecare高雄最新貼文
",84.0
"快訊／「麟洋配」可商業代言　立法院三
",71.0
"=.= 台積電可以滾出台灣嗎？！
",69.0
"為什麼公務員要有薪水？
",73.0
"｢挺不下去｣ 館長不滿民進黨對酒駕不修
",69.0
"「反對竹竹併心中有鬼」 柯建銘嗆朱立倫
",69.0
"Wecare現在又跑去哪裡了？
",75.0
"林智堅嗆朱立倫：大新竹合併升格沒過 你
",80.0
"只有我覺得瑞莎可能真的有問題嗎
",97.0
"館長感嘆「民進黨挺不下去」：成績單都偏財團 人民都無感
",71.0
"雞排妹拒黑道大哥搭訕　驚曝「被拖下車
",67.0
"瑞莎遭家長控斂財！旗下8選手「集體解約
",86.0
"一家四口被酒駕撞飛影片曝光
",71.0
"林智堅不選早已超前部署 柯建銘：我要讓
",74.0
"「敬佩支持林智堅棄選」　民進黨：遺憾在
",81.0
"打炒房 林智堅宣布推動囤房稅：擁3戶以上
",77.0
"力挺優質立委林昶佐 全台青政治串聯「反
",79.0
"高雄酒駕累犯毀一家4口 陳其邁探視遭撞姐
",80.0
"12/18之後 亡國感變重了…
",69.0
"高雄酒駕天倫夢碎！館長狠酸「再次震怒
",81.0
"大新竹升格掀攻防　林智堅：我若不參選，
",76.0
"有沒有Epic玩家沒有自己的板的八卦?
",89.0
"請3天休9天！一張圖看「2022請假攻略」
",81.0
"雞排妹不甩黑道搭訕！爆遭50人包圍拖行
",77.0
"酒駕肇事害一家四口破碎 陳其邁震怒指示
",68.0
"柯建銘火大批國民黨「集體中邪」　民眾
",80.0
"明年不是最可怕！唐綺陽曝「魔王級別的顛覆之年」
",79.0
"黃國昌FB
",89.0
"愛女疑遭下藥性侵亡！台中父動私刑　嫌冉
",74.0
"一死三傷又是酒駕毀家庭　市長陳其邁震怒
",70.0
"誰選大新竹 林智堅：不是非我不可
",68.0
"打炒房 林智堅宣布推動囤房稅：擁3戶以上
",69.0
"林智堅回應侯友宜 希望侯市長站在新竹人
",83.0
"反酸國民黨！民進黨：大台中合併升格 也
",76.0
"沒修《地制法》　柯建銘：彰化也不能升格
",76.0
"C++可以啟發孩子的程式天份嗎？
",67.0
"愛女疑遭下藥性侵亡！台中父動私刑　嫌冉
",68.0
"180天終於出桶了(噓就發錢）
",88.0
"鄭家純爆拒大哥搭訕 遭50人包圍拖下車
",76.0
"民進黨：當年大台中合併升格 也沒要求胡不能選
",78.0
"放手一搏！焦糖宣布參選北市議員：讓台灣走更好的國家道路
",71.0
"號稱逢甲林志玲！啦啦隊正妹脫光泡湯　全身剩「木盆遮羞」
",73.0
"學長我這種上站次數 講話可以大聲了吧
",86.0
"勾起你心中的惡－王力宏事件疑點揭密！
",86.0
"丁特橘子事件有沒有懶人包
",91.0
"大新竹不能等！蘇揆：全球想趕上台灣
",74.0
"衛生紙漲價　經長王美花：監看漲幅是否合
",79.0
"丁特橘子事件有沒有懶人包
",76.0
"林昶佐談「罷昶」憂民主恐不紮實　嘆遭
",77.0
"陳其邁為林靜儀站台 爆料她念醫學院時是
",82.0
"林靜儀：若不是國民黨罷掉陳柏惟還搞公
",72.0
"轟柯P砸錢辦「週年慶」吹噓 苗博雅：先
",69.0
"陳佩琪：王力宏壓根沒構成犯罪行為
",67.0
"震驚!有人出來踢爆李靚蕾背後陰謀與目的!
",84.0
"蕾神來了
",67.0
"平安夜還留在這噓文的都哪種人？
",89.0
"陳雪生敗訴 　范雲：道歉很難嗎？
",87.0
"林智堅當市長7年「進化圖」 網朝聖：鮮
",75.0
"李靚蕾是不是把王力宏當作提款機??
",72.0
"審查預算延宕游錫堃道歉了 喊話朝野政黨
",82.0
"唐綺陽警告聖誕節有危機！
",91.0
"為什麼擁核不尊重民意好好認輸？
",90.0
"李靚蕾精神控制王力宏把他當猴耍的八卦
",68.0
"高考公務員第一年領好領滿才60初頭萬
",70.0
"高考公務員第一年領好領滿才60初頭萬
",74.0
"專訪3-2》加入民進黨沒急迫性 林昶佐：不
",87.0
"王美花：台灣今年冬天沒有缺電問題
",73.0
"《地制法》明拚遞案 柯建銘：竹竹併
",87.0
"快訊／李靚蕾再發3點聲明「到此為止」
",73.0
"福島食品將解禁？蘇貞昌：食安第一不要造
",67.0
"竹竹併 楊文科「不服氣」林智堅回嗆：是
",77.0
"為何竹竹拼不把苗栗也一起合併了？
",68.0
"柯建銘：柯家七代都在新竹 縣市合併升格
",74.0
"王力宏 確定 李靚蕾生的三個小孩 都他的?
",89.0
"北市社宅開工　蔡英文：量能不足中央不
",71.0
"封殺柯文哲覆議案　梁文傑：公投案柯文
",77.0
"陳吉仲：全世界假新聞最多的是在台灣　曝
",79.0
"李靚蕾心機超重 學古代嬪妃靠受精懷孕上位
",81.0
"呱吉自爆「我也性成癮」！82秒片流出
",84.0
"呱吉自爆「我真的性成癮」　網翻「1分鐘
",73.0
"睡覺聞到檀香味！爸聽1句連夜奔醫院　她
",83.0
"說穿了李靚蕾就是想要錢嘛
",67.0
"說穿了李靚蕾就是想要錢嘛
",84.0
"說穿了李靚蕾就是想要錢嘛
",83.0
"志祺七七 評論王力宏事件
",88.0
"老婆要高品質生活又有三個孩子？
",73.0
"現在想想，李靜蕾還真是可怕的人啊！
",79.0
"蔡英文：新竹縣市合併升格迫切 盼立委支
",83.0
"蔡英文：新竹縣市合併升格迫切 盼立委支持修法
",81.0
"竹竹若併成是否參選 林智堅：服務民眾心
",67.0
"蔡英文完整說明「大新竹合併升格」原因
",80.0
"蔡英文表態挺大新竹合併升格　「希望黨
",69.0
"明年恐缺電 核四前廠長拋「讓郭台銘接手
",80.0
"藍綠甲動員！就是要恢復重陽敬老金 呱吉
",88.0
"推薦第三劑選高端又好又安全 李秉穎透露
",81.0
"By2妹妹Yumi驚傳吞藥輕生！　友發文批王
",69.0
"YUMI吞藥自殺了! 就是被酸民逼上絕路的!
",78.0
"By2妹妹Yumi驚傳吞藥輕生！　友發文批王
",67.0
"喊前妻日文名遭全網噴！雞排妹砲轟:王力宏
",82.0
"蕾蕾適可而止好嗎??再來要換VVN自殺了
",76.0
"BBS要殺死多少女孩子你們才開心??
",76.0
"「沒蔡英文，半導體沒今天」　他：小英
",71.0
"李靚蕾是牡羊座！財經網美嘆王力宏慘了
",81.0
"中國窮瘋了 開罰直播主逃稅 罰58.5億
",89.0
"李靚蕾是不是也心機很重？
",70.0
"核四剩餘空地 火力電廠列選項
",68.0
"李靚蕾是不是也心機很重？
",72.0
"李靚蕾是不是也心機很重？
",81.0
"半導體成護國神山 他：功勞給蔡英文
",78.0
"直播主丁特控《天堂M》機率不實 遊戲橘子提告
",68.0
"邱顯智 FB
",77.0
"只有我覺得李靚蕾一直影射很煩嗎
",68.0
"只有我覺得李靚蕾一直影射很煩嗎
",85.0
"如何避開林秉樞 李靚蕾這種毀滅性攻擊者?
",71.0
"直播主丁特控《天堂M》機率不實 遊戲橘子提告
",86.0
"直播主丁特控《天堂M》機率不實 遊戲橘子提告
",88.0
"唐綺陽流冷汗說重話　轟王力宏「3心態母湯」沒解答問題
",80.0
"說真的 喊綠共的到底什麼人?
",80.0
"為什麼人相信神創造宇宙？
",79.0
"唐綺陽轟王力宏「還在演好人」抓道歉文
",88.0
"國民黨執政半導體還不是護國神山 黃崇仁
",69.0
"蕾蕾的第一篇小作文越看越怪？
",81.0
"王力宏愛李靚蕾!李卻恩將仇報!恐怖情人!
",80.0
"獨家／李靚蕾親哥哥說話！175字酸爆王力
",71.0
"李靚蕾沒打臉徐若瑄.是不是代表徐是清白?
",72.0
"震驚！億萬富翁三寶媽竟是網路鄉民
",82.0
"以大學併校喻大新竹合併 柯建銘：老兵
",72.0
"福島食品解禁？ 蘇貞昌：政府態度就是食
",74.0
"郭台銘「明年一定缺電」卓冠廷打臉：核四
",73.0
"所以搞了老半天蕾神只是想要吾疆?
",85.0
"用另一種角度看王力宏事件 (文長慎看)
",92.0
"竹竹合併升格 蘇貞昌:符合多數民眾的意쌱
",69.0
"=.= 王力宏事件證明台灣女權過頭了？！
",84.0
"風向果然被改成愛錢了
",74.0
"哇靠 中山站的大奶妹太多了吧
",81.0
"唐綺陽也看不下去 怒轟王力宏「還在演
",76.0
"批王力宏「性別刻板印象」　王婉諭：這
",74.0
"王力宏道歉宣布暫退演藝圈！唐綺陽看不下
",94.0
"李靚蕾再度反擊！486先生痛批王力宏：白
",88.0
"李靜蕾汙衊王力宏不忠 還想敲詐9億贍養費
",77.0
"李靜蕾汙衊王力宏不忠 還想敲詐9億贍養費
",90.0
"雞排妹參戰！開砲王力宏揪「關鍵舉動」：
",91.0
"心機女有多可怕？
",91.0
"李靚蕾拿到豪宅了 也該滿意了吧？
",78.0
"鬼才阿水怒轟王力宏：超級沒品 沒救了
",90.0
"王力宏遭毀滅！命理師：2人八字不合
",83.0
"鄭家純再挺蕾神！轟王力宏寫日文名欺負
",86.0
"台北通再次當機 柯文哲：代表台北通太成
",68.0
"只有我覺得李靚蕾文章寫得很囉唆嗎??
",76.0
"蕾神又發文了
",76.0
"蕾神又發文了
",67.0
"蕾神又發文了
",87.0
"只有我覺得沒什麼好報的嗎？
",84.0
"只有我覺得李靚蕾文章寫得很囉唆嗎??
",89.0
"有點膩了 李小姐可以不要一直發文嗎？
",83.0
"王毅：台灣是「終將回家的遊子」不應是被
",82.0
"有點膩了 李小姐可以不要一直發文嗎？
",92.0
"蕾神又發文了
",79.0
"蕾神又發文了
",91.0
"力宏蕾蕾事件可以下結論了
",78.0
"李靚蕾深夜開轟王力宏　衛福部不忍了
",77.0
"王力宏回擊！控李靚蕾每月「討91萬生活費
",70.0
"王力宏聲明2大錯誤！阿滴看不下去
",71.0
"宏宏這一篇文章根本成功吧?
",69.0
"笑死 同事竟然說光年是距離單位??
",83.0
"阿滴公開糾錯王力宏長文！「英翻中2離譜
",85.0
"李靚蕾王力宏爭議(錘)懶人包
",70.0
"王力宏駁不忠！自懺不及格老公 槓李靚蕾
",91.0
"為了孩子好 奉勸李小姐該適可而止
",89.0
"快訊／李靚蕾深夜5點反擊王力宏！ 心碎
",70.0
"蕾神是不是開始急了?
",83.0
"王力宏超級渣男耶
",82.0
"蕾神之槌來了
",88.0
"對王力宏雙標太嚴重了吧
",86.0
"快訊／李靚蕾深夜5點反擊王力宏！ 心碎
",72.0
"快訊／李靚蕾不睡了！千字回擊王力宏：很遺憾要走到這一
",90.0
"到底是在蕾神3小啦
",83.0
"快訊／李靚蕾不睡了！千字回擊王力宏：很遺憾要走到這一
",91.0
"Yumi認與王力宏交往　認了「刻骨銘心」：
",92.0
"恭喜戴資穎 蔡英文：睽違10年後的世錦賽
",73.0
"靚蕾大大發文啦
",71.0
"鄭家純開砲了！打臉王力宏說謊「不做功
",89.0
"為什麼常缺席小孩活動就要被鞭啊？
",76.0
"只有我覺得王力宏這事很無聊嗎....
",80.0
"蜘蛛人三代同堂
",77.0
"只有我覺得力宏遇到心機高手嗎
",82.0
"李靚蕾的報復心484太重了
",94.0
"宏宏出現了
",72.0
"蕾蕾算是恐怖情人嗎？
",85.0
"炒房建商欺負大學老師3
",73.0
"謝和弦改編《你不知道的事》酸爆王力宏！
",78.0
"Emmy Hu：李靚蕾是牡羊座 我也是
",79.0
"渣男渣女是大陸用語 台灣人用這麼爽?
",83.0
"難道只有我想挺王力宏嗎？
",73.0
"林智堅：多數民眾期盼立院修法 讓大新竹
",71.0
"黃士修：公投輸了但民進黨沒有贏，我大
",67.0
"李靚蕾回覆王爸爸
",88.0
"郭台銘直言「明年一定缺電」！ 環團批：
",71.0
"李靚蕾的學經歷到底是不是真的?
",85.0
"發聲了！！！
",86.0
"娶到李這種老婆是不是很可怕?
",80.0
"為啥內射出事都是男方的責任?
",72.0
"小孟老師：王力宏前世是李靚蕾的小三
",78.0
"只有我現在開始相信王力宏與王爸媽嗎???
",85.0
"只有我覺得王力宏遇到恐怖情人嗎
",78.0
"李靚蕾16歲約炮上位 罵王約炮? 兩性平權?
",85.0
"王力宏都離婚了 女方一直糾纏是怎樣?
",82.0
"召妓又約炮!王力宏私生活淫亂 唐綺陽不忍了
",69.0
"公投已死，民主送終
",77.0
"王家出手！王力宏父親揭李靚蕾設計懷孕威
",67.0
"只有我覺得整齣戲挺智障的嗎？
",83.0
"只有我覺得王力宏事件很無聊嗎 @@
",83.0
"李靚蕾回覆王爸爸
",75.0
"少400萬為什麼還很爽？
",67.0
"「被切割、一夕爆落」！唐綺陽預言僅13天
",89.0
"李靚蕾爆王力宏給4億豪宅命令她收回指控
",70.0
"三接供應足夠天然氣 學者：減空污、不缺電
",68.0
"會說八卦失準的是不是智障？
",67.0
"給南部人決定台灣的未來？
",71.0
"快訊／國民黨中常委：小英817萬票腰
",67.0
"以後斷電可以先斷南部的嗎
",74.0
"蠢蛋進化論正在臺灣上演？
",79.0
"這次是不是印證了台灣人根本不在乎食安
",67.0
"讓年輕人做決定真的好嗎？
",68.0
"批民進黨「扭曲造假有成效」　民眾黨：新
",70.0
"台灣人是不是不配擁有民主
",78.0
"笑死XD 今天是不是八卦版最可笑的一天
",73.0
"「不喜歡蔡英文、討厭民進黨沒關係」蔡英
",79.0
"王力宏遭爆男女床戰！唐綺陽早「神預言」
",81.0
"中天游淑慧爆料 南港有票先蓋好不同意
",76.0
"唐綺陽怒王力宏：居然這麼噁！心疼
",79.0
"台灣基進黨主席陳奕齊：投不同意
",90.0
"只有我覺得王力宏遇到恐怖情人嗎
",77.0
"你們有什麼資格對王力宏說三道四指手畫腳
",82.0
"「不喜歡蔡英文、討厭民進黨沒關係」蔡英
",79.0
"蔡英文號召「台灣隊投票回報」　IG限動「
",77.0
"同性婚姻公投沒過 現在是...？
",94.0
"王力宏遭控私生活亂　網紅道歉人妻紛響
",79.0
"快訊／蔡英文投完「四個不同意」：攸關台
",78.0
"李靚蕾是恐怖情人吧！
",83.0
"催票「4個不同意」　林靜儀：難道817萬
",80.0
"公投之夜》蔡英文:不要為想教訓誰 害到台
",77.0
"李靚蕾是恐怖情人吧！
",84.0
"蔡阿嘎邀蔡英文上節目 大膽開嗆「需不需
",87.0
"林昶佐：公投四個不同意 罷免惡戰到我為
",82.0
"李靚蕾廢話一堆是想表達什麼
",87.0
"快訊／重啟核四得浪費好幾千億 蘇貞昌挖
",71.0
"高雄造勢破3萬人 蔡英文登場「美國豬進口
",82.0
"快訊／北高趕場拚4不　蔡英文：不要為「
",73.0
"核四重啟困難重重 台電點出關鍵障礙
",68.0
"黃士修高價拜票電話引熱議 綠營：荒謬、
",73.0
"歐盟建議成員國2049年前逐步淘汰天然氣發
",91.0
"公投倒數24小時　蔡英文喊話台灣隊站出
",83.0
"核電廠會爆炸不是常識嗎？
",67.0
"林靜儀：反美豬阻經濟 難道要像馬時代到
",76.0
"1218公投》蔡英文：4項公投案看台灣人是
",81.0
"蔡英文：開放萊豬進口 避免經濟只依賴中國
",86.0
"秒殺黃士修！辣模「JoJo立」推公投　網
",79.0
"證實是韓粉！焦糖陳嘉行宣講公投遭攻擊　
",70.0
"公投倒數24小時！　蔡英文最新催票影片
",78.0
"憑什麼禁止我餵貓??
",68.0
"公投攸關未來 林飛帆：一起讓台灣大步往前
",85.0
"連變電站都能爆炸,拼裝車核四不就更會爆?
",93.0
"陳其邁：12/18四個不同意 就是不同意中國
",83.0
"綠電會搞垮台灣經濟吧？
",67.0
"林飛帆：1218不僅一場投票 是要決定台灣
",84.0
"馬英九訴求重啟核四 經濟部：引用偏頗資
",77.0
"蔡英文：開放萊豬進口 避免經濟只依賴
",90.0
"台灣房價其實還好的八卦
",75.0
"阿滴無預警拋喜訊！YT打滾6年突「宣布轉
",74.0
"柯P的SOP斷鏈！男有症狀卻漏篩害檢疫失
",83.0
"蘇貞昌：公正公開 不容任何意圖干擾公投
",86.0
"想贏韓國趁現在!蔡英文:1218公投對南台灣
",89.0
"民進黨：公投前三日中國又出手 意圖影響
",78.0
"登入2500講話可以大聲了吧？
",85.0
"滴妹穿婚紗！！！
",74.0
"盾牌牙醫表態「反萊豬公投」：檳榔可以選擇不吃　不是全面禁
",84.0
"綠營點名四公投全過有3危機　產經界紛紛
",80.0
"蔡英文:2025年台灣人均GDP 將有機會超過韓國
",80.0
"天然氣發電廠就不會爆炸？
",76.0
"台灣房價其實還好的八卦
",69.0
"核廢料放擁核縣市應該是剛剛好吧?
",85.0
"防疫女神許書華表態「反萊豬公投」：不同
",76.0
"邀顏寬恒PK電競遭婉拒　陳柏惟嘲笑：他
",83.0
"公投前示警！何博文：核四若發生核災 連
",72.0
"媽祖託夢林靜儀參選？林佳龍親曝「指示」
",74.0
"公投攸關國家路線 林飛帆籲別回頭
",81.0
"蔡英文稱「想贏韓國投4個不同意」　國民
",72.0
"蔡阿嘎合作新片當面嗆一句　蔡英文辣回：
",86.0
"政府查哄抬物價！下周起全面大稽查 連鎖
",77.0
"國民黨宣講公投提蔡同榮 台灣基進︰厚顏
",80.0
"四大公投 蔡英文痛批：若民粹凌駕民主、
",82.0
"媽祖託夢？林佳龍：感應到林靜儀參選發
",75.0
"公投倒數72小時 蔡英文：好想贏韓國就投
",85.0
"蔡總統：若政策反覆 外商還能否放心投資
",82.0
"柯文哲拍板動物之家規劃 議員爆：竟縮減
",86.0
"林昶佐投震撼彈　「從沒排斥加入民進黨
",80.0
"王美花：若韓國加入CPTPP 對台灣是重傷害
",71.0
"籲核四不同意票衝最高 何博文：將核廢料送
",75.0
"林秉樞打特權疫苗　綠委要求陳時中查「
",68.0
"台積電高層憂心供電穩定？ 經長：不予置
",82.0
"外媒「三接公投台灣半導體岌岌可危」　台
",80.0
"接見進出口商 蔡英文:不要因公投拖垮往外走
",78.0
"八卦版的版規有說不能暴雷？警告三小操
",77.0
"反萊豬過了美國會生氣？
",71.0
"蘇貞昌讚便利商店新時代服務典範 勉勵公
",86.0
"你是否同意政府應全面禁止進口含有瘦肉精
",68.0
"Omicron病毒來襲　蔡英文：台灣有能力扮
",74.0
"電蝦版友是變種王子病？
",80.0
"斷開福原愛！江宏傑將下海「床戰男生」
",89.0
"蔡總統：韓國2012年開放萊牛萊豬 入CPTPP
",83.0
"特斯拉全球供應商董座表態 「絕對不同意
",67.0
"現在發錢能被噓到xx嗎？（發錢）
",94.0
"萊豬問題不是靠標示清楚就能解決了嗎
",85.0
"Omicron病毒來襲　蔡英文：台灣有能力扮
",86.0
"4大公投倒數 沈榮津：「反萊豬」過關會讓
",87.0
"特斯拉供應商老董表態：「絕不同意」反
",71.0
"總統IG回應親民：不會喝6碗豬肝湯
",86.0
"鄭弘儀憂染喉癌！超音波照出驚人病灶 
",79.0
"蔡英文：美豬公投沒過　台灣經濟回到被
",82.0
"臺灣天然氣發電占比50% 會發生什麼事
",73.0
"總統IG披露親當剷屎官 小被被給貓咪用
",86.0
"獨／食安釋疑 企業家：美豬、牛安全
",82.0
"向挺藻礁青年喊話 蔡英文：四個公投、不
",69.0
"韓下週申請加入CPTPP 蔡英文喊話：「投下
",79.0
"5個不同意！林昶佐轟：發動公投、罷免搞
",86.0
"100梯研替老鼠屎
",76.0
"反萊豬公投很危險！陳吉仲:大家幫忙不同意
",78.0
"「世上只有台灣能清零Delta」　這措施明上路！
",80.0
"醫怒轟擁核、國民黨鬼扯：別再唬爛缺電
",73.0
"醫師林應然：氣管擴張劑用「瘦肉精」
",77.0
"白宮官員驚慌失措　唐鳳視訊畫面在民主峰
",73.0
"戰公投!細數國民黨拖垮台灣罪狀蔡英文怒
",86.0
"徐國勇：國民黨為奪政權 要讓國內陷缺電
",87.0
"銀行來電問「工作現況」　陳柏惟：知道
",84.0
"洪秀柱：民進黨愛台灣就像林秉樞愛高嘉
",76.0
"蔡總統推出台灣隊長真心話影片 催公投四
",79.0
"網酸蔡英文2012年影片　律師：我是老闆也
",82.0
"蔡英文：美豬公投這關若沒過 台灣經濟將回到過去
",83.0
"避免受騙看這裡！9大公投奧步曝光 民進
",75.0
"公投若過 蔡：重回鎖在中國的困境
",83.0
"華碩主管面試「羞辱台大男」開價200萬
",95.0
"這禮拜小心防疫！唐綺陽警告「一旦有破口
",80.0
"黃士修喊絕食抗議！呱吉諷：耍嘴皮來討生
",80.0
"在日僑團發聲明籲全民對4大公投「不同意」
",82.0
"蔡英文： 4個不同意 挺住台灣防線
",74.0
"醫師林應然：氣管擴張劑用「瘦肉精」
",68.0
"蘇貞昌：政府沒錢養網軍　「政策宣導和網
",85.0
"變電所爆炸起火致雙北停電 國民黨硬扯：
",76.0
"會說不用投票就可以查核四的都是什麼人
",70.0
"決戰公投！陳柏惟喊「為我報仇」：4個不
",69.0
"蔡桃貴路上「突被警察搭話」傻了！　一
",88.0
"護藻礁的言論真的看不下去
",73.0
"搶不到座位 他怒噴：高鐵圖利高雄人
",79.0
"還記得跟水電工阿賢合拍的「宣宣」嗎！
",88.0
"黃士修爆民進黨曾邀他入閣　丁怡銘高級酸
",71.0
"取消 只發錢
",70.0
"沒事 是我搞錯了 XDDD
",77.0
"幹你娘晚上八點多是在吹你媽的頭髮
",81.0
"謝金河：若否決美豬　金融、股市恐增加
",74.0
"陳其邁再露美腿划SUP 上岸直呼「2隻腳都
",77.0
"男2個月2度酒駕被抓 法官：坐牢太嚴苛、
",72.0
"為什麼可以吃萊牛，不能吃萊豬?
",69.0
"林佳龍：盧秀燕與顏家阻止燃氣發電 害中
",74.0
"尼加拉瓜斷交 林昶佐嗆爆中國：幼稚
",73.0
"聽完辯論會 我決定支持反核了
",84.0
"哇靠 西門也太多熱褲妹了吧
",79.0
"高鐵自由座根本圖利高雄人
",82.0
"蔡阿嘎仿「澤甯宣言」宣布大事　揪妻曬「
",89.0
"蔡英文5年斷交8國！台灣友邦僅剩14國
",71.0
"印度神童又說中！12月關鍵第2周 6大事台灣
",69.0
"民進黨青年座談會 林飛帆：若4議題都過
",85.0
"內政部重手打炒房 賴正鎰：還讓不讓人活
",76.0
"贊同開放萊豬！肉商：進來會自動淘汰
",73.0
"柯文哲跟綠網軍合作
",78.0
"台灣被斷交！蔡英文無畏「外交施壓」：和
",72.0
"紓困5.0預算 民進黨：為台灣人民經濟生活
",74.0
"唐鳳出席美民主峰會　肯定「318學運」奠
",76.0
"影／拚公投反罷免！林昶佐批：政治操作虛
",74.0
"台尼斷交 林飛帆籲用公投選票捍衛台灣
",79.0
"競選新北市長時曾雇用網軍？蘇貞昌駁：
",68.0
"蔡赴宜蘭喊話：別教訓我們最愛的台灣
",82.0
"尼加拉瓜與我斷交 林飛帆:公投與外交相關
",71.0
"財經網美：台灣斷交 美國氣到跳起來
",76.0
"中國幫世界基建 美國餵台灣萊豬
",79.0
"中研院人員確診!蘇貞昌:沒有研究員願意
",75.0
"蔡英文：發展綠能維持半導體全球領先
",86.0
"獨／黃士修握府院機密 將發動絕食
",69.0
"總統：公投4個不同意 台灣才有保護力
",81.0
"民進黨：四大公投沒樂觀本錢 催票防奧步
",75.0
"民進黨回擊馬英九投書批民主　「正好證明
",76.0
"北車湧「打疫苗」排隊人潮 毒理教授批：
",82.0
"續任行政院長到2022年底　蘇貞昌：我的去
",85.0
"開戰！柯文哲發言人嗆盾牌牙醫：含沙射影
",81.0
"大啖美牛漢堡 蔡英文：進口9年沒健康問題
",82.0
"開戰！柯文哲發言人嗆盾牌牙醫：含沙射影
",71.0
"政府養網軍？蘇貞昌：政府沒錢、也不必養
",80.0
"花蓮七星潭驚見遍地狗屍 14隻浪浪一夕慘
",72.0
"「藍營逐漸棄守四項公投」　綠營分析：
",87.0
"蔡總統：持續發展光電及風電 並建構更具
",82.0
"薛瑞福：萊豬開放若被逆轉 將讓台灣更孤
",82.0
"綠營總動員衝公投 林飛帆：請大家捍衛執
",78.0
